Uniprot_id	site	amino acid modified	PTM type	prediction score
Q9BYW2	506	R	Arg-OH	0.7971720983112605
Q9BYW2	1455	R	Arg-OH	0.5738069451548393
A0A1W2PPX9	462	R	Arg-OH	0.7584505052176409
A0A1W2PPX9	1411	R	Arg-OH	0.519133477377597
A0A8I5KNR2	749	R	Arg-OH	0.5216385847367994
A0A8I5KPS6	95	R	Arg-OH	0.5575108507354126
A0A8I5KPS6	461	R	Arg-OH	0.6399386005160398
A0A8I5KQS3	749	R	Arg-OH	0.5216385847367994
A0A8I5KSB8	95	R	Arg-OH	0.5575108507354126
A0A8I5KSB8	461	R	Arg-OH	0.6196888197804854
A0A8I5KV15	473	R	Arg-OH	0.7982405962374033
A0A8I5KV15	1422	R	Arg-OH	0.5780198106274431
A0A8I5KW81	477	R	Arg-OH	0.5004932121093715
A0A8I5KW81	843	R	Arg-OH	0.5716020368705697
A0A8I5KWD0	769	R	Arg-OH	0.5892121478415885
A0A8I5KYR1	95	R	Arg-OH	0.5575108507354126
Q9BYW2	719	N	Asn-OH	0.6701807838624668
Q9BYW2	1075	N	Asn-OH	0.536384665569803
Q9BYW2	1628	N	Asn-OH	0.7345284817730964
Q9BYW2	1725	N	Asn-OH	0.6559768144808048
Q9BYW2	1887	N	Asn-OH	0.8984359615673869
A0A1W2PPX9	675	N	Asn-OH	0.7423397475691861
A0A1W2PPX9	1031	N	Asn-OH	0.5867311230440091
A0A1W2PPX9	1584	N	Asn-OH	0.75342024367812
A0A1W2PPX9	1681	N	Asn-OH	0.660171493650792
A0A1W2PPX9	1843	N	Asn-OH	0.872006597254436
A0A8I5KNR2	369	N	Asn-OH	0.5127437136591035
A0A8I5KNR2	922	N	Asn-OH	0.8678111548596374
A0A8I5KNR2	1019	N	Asn-OH	0.608872870627895
A0A8I5KNR2	1107	N	Asn-OH	0.5250290249612974
A0A8I5KNR2	1181	N	Asn-OH	0.9425501027696139
A0A8I5KPS6	634	N	Asn-OH	0.74442714573081
A0A8I5KPS6	731	N	Asn-OH	0.6262514048911971
A0A8I5KQS3	369	N	Asn-OH	0.5127437136591035
A0A8I5KQS3	922	N	Asn-OH	0.8678111548596374
A0A8I5KQS3	1019	N	Asn-OH	0.608872870627895
A0A8I5KQS3	1107	N	Asn-OH	0.5250290249612974
A0A8I5KQS3	1181	N	Asn-OH	0.8742759814581209
A0A8I5KSB8	631	N	Asn-OH	0.6382733853743379
A0A8I5KSB8	793	N	Asn-OH	0.7829703278701713
A0A8I5KV15	686	N	Asn-OH	0.7785936138193816
A0A8I5KV15	1042	N	Asn-OH	0.5816340233880035
A0A8I5KV15	1595	N	Asn-OH	0.671653203188319
A0A8I5KV15	1809	N	Asn-OH	0.8248394673534265
A0A8I5KV15	2440	N	Asn-OH	0.5069875331261545
A0A8I5KW81	107	N	Asn-OH	0.7214798984882289
A0A8I5KW81	463	N	Asn-OH	0.5306449229858918
A0A8I5KW81	1016	N	Asn-OH	0.752840146716895
A0A8I5KW81	1113	N	Asn-OH	0.5411247653564198
A0A8I5KW81	1275	N	Asn-OH	0.8626514125527652
A0A8I5KW81	1782	N	Asn-OH	0.525409584483354
A0A8I5KWD0	33	N	Asn-OH	0.7585632190921243
A0A8I5KWD0	389	N	Asn-OH	0.5700343321248699
A0A8I5KWD0	942	N	Asn-OH	0.8328785175930566
A0A8I5KWD0	1039	N	Asn-OH	0.5688846865206615
A0A8I5KWD0	1127	N	Asn-OH	0.5077652742746249
A0A8I5KWD0	1201	N	Asn-OH	0.9370841678505608
Q9BYW2	122	D	Asp-OH	0.6525577862009584
Q9BYW2	1452	D	Asp-OH	0.5975122037742652
Q9BYW2	1890	D	Asp-OH	0.8562415982446224
A0A1W2PPX9	78	D	Asp-OH	0.6299948803400506
A0A1W2PPX9	1846	D	Asp-OH	0.8461229772423382
A0A8I5KNR2	1184	D	Asp-OH	0.95129653808537
A0A8I5KPS6	458	D	Asp-OH	0.6237517958385415
A0A8I5KPS6	459	D	Asp-OH	0.5217698215652092
A0A8I5KQS3	1184	D	Asp-OH	0.9107404908650578
A0A8I5KSB8	458	D	Asp-OH	0.64017059584713
A0A8I5KSB8	459	D	Asp-OH	0.5072262708067211
A0A8I5KSB8	796	D	Asp-OH	0.7664271442592159
A0A8I5KV15	89	D	Asp-OH	0.6061962120952183
A0A8I5KV15	1812	D	Asp-OH	0.8396022687978086
A0A8I5KW81	1278	D	Asp-OH	0.8433293512314086
A0A8I5KWD0	766	D	Asp-OH	0.511694281976251
A0A8I5KWD0	1204	D	Asp-OH	0.922566745545548
Q9BYW2	530	C	Cys4HNE	0.5978249203098693
Q9BYW2	531	C	Cys4HNE	0.508466968987811
Q9BYW2	900	C	Cys4HNE	0.5173206061044173
Q9BYW2	958	C	Cys4HNE	0.5792162442440069
Q9BYW2	1125	C	Cys4HNE	0.6379164241570839
Q9BYW2	2485	C	Cys4HNE	0.5659799985859644
Q9BYW2	2524	C	Cys4HNE	0.7163449108380192
Q9BYW2	2532	C	Cys4HNE	0.846856174943054
A0A1W2PPX9	486	C	Cys4HNE	0.6308262913218532
A0A1W2PPX9	487	C	Cys4HNE	0.5565125459318471
A0A1W2PPX9	914	C	Cys4HNE	0.5783080285044786
A0A1W2PPX9	1081	C	Cys4HNE	0.611727330214128
A0A1W2PPX9	2441	C	Cys4HNE	0.7465698011877305
A0A1W2PPX9	2480	C	Cys4HNE	0.8827937524234085
A0A1W2PPX9	2488	C	Cys4HNE	0.895683893651072
A0A8I5KNR2	30	C	Cys4HNE	0.588865079860543
A0A8I5KNR2	194	C	Cys4HNE	0.5722743300135604
A0A8I5KNR2	252	C	Cys4HNE	0.6306200713464309
A0A8I5KNR2	419	C	Cys4HNE	0.5072535452003528
A0A8I5KPS6	131	C	Cys4HNE	0.540858089300234
A0A8I5KPS6	684	C	Cys4HNE	0.570400365393761
A0A8I5KPS6	1270	C	Cys4HNE	0.6033074686650387
A0A8I5KPS6	1309	C	Cys4HNE	0.8058914012337072
A0A8I5KPS6	1317	C	Cys4HNE	0.8652739012399816
A0A8I5KQS3	30	C	Cys4HNE	0.588865079860543
A0A8I5KQS3	194	C	Cys4HNE	0.5722743300135604
A0A8I5KQS3	252	C	Cys4HNE	0.6306200713464309
A0A8I5KQS3	419	C	Cys4HNE	0.5072535452003528
A0A8I5KSB8	131	C	Cys4HNE	0.540858089300234
A0A8I5KSB8	584	C	Cys4HNE	0.5844614658177507
A0A8I5KSB8	1391	C	Cys4HNE	0.7219860558901486
A0A8I5KSB8	1430	C	Cys4HNE	0.8921596510053533
A0A8I5KSB8	1438	C	Cys4HNE	0.8938167680761246
A0A8I5KV15	497	C	Cys4HNE	0.5684774761908258
A0A8I5KV15	925	C	Cys4HNE	0.6067059483063502
A0A8I5KV15	1092	C	Cys4HNE	0.6590387626345979
A0A8I5KV15	1645	C	Cys4HNE	0.5010078189438885
A0A8I5KV15	2407	C	Cys4HNE	0.7112220690502348
A0A8I5KV15	2446	C	Cys4HNE	0.8593081348002589
A0A8I5KV15	2454	C	Cys4HNE	0.8916927280125283
A0A8I5KW81	124	C	Cys4HNE	0.5032402805427204
A0A8I5KW81	346	C	Cys4HNE	0.5752292460747369
A0A8I5KW81	513	C	Cys4HNE	0.5810532940362197
A0A8I5KW81	1807	C	Cys4HNE	0.6508210450771392
A0A8I5KW81	1808	C	Cys4HNE	0.6856759039700001
A0A8I5KWD0	50	C	Cys4HNE	0.537288944581905
A0A8I5KWD0	272	C	Cys4HNE	0.6198231475941296
A0A8I5KWD0	439	C	Cys4HNE	0.5355822458178959
A0A8I5KYR1	131	C	Cys4HNE	0.540858089300234
A0A8I5KYR1	505	C	Cys4HNE	0.5111896694101601
A0A8I5KYR1	507	C	Cys4HNE	0.5592928995908477
A0A8I5KYR1	526	C	Cys4HNE	0.5009992799443168
A0A8I5KYR1	539	C	Cys4HNE	0.5454189023448173
A0A8I5KYR1	545	C	Cys4HNE	0.5204597515213722
A0A8I5KYR1	1084	C	Cys4HNE	0.6722832177864089
A0A8I5KYR1	1123	C	Cys4HNE	0.8286673154140429
A0A8I5KYR1	1131	C	Cys4HNE	0.9001689299447176
Q9BYW2	302	C	CysSO2H	0.7252854745828552
Q9BYW2	394	C	CysSO2H	0.5850076975434819
Q9BYW2	495	C	CysSO2H	0.585354932302252
Q9BYW2	531	C	CysSO2H	0.5423929634431606
Q9BYW2	594	C	CysSO2H	0.5401883870117297
Q9BYW2	900	C	CysSO2H	0.6518904159831825
Q9BYW2	1125	C	CysSO2H	0.6052688068607844
Q9BYW2	1533	C	CysSO2H	0.5567339789783414
Q9BYW2	2485	C	CysSO2H	0.693561025635806
Q9BYW2	2494	C	CysSO2H	0.7665817532294275
Q9BYW2	2524	C	CysSO2H	0.8182394802620028
Q9BYW2	2532	C	CysSO2H	0.8191079447161078
A0A1W2PPX9	258	C	CysSO2H	0.7503073781333471
A0A1W2PPX9	350	C	CysSO2H	0.6414408630203868
A0A1W2PPX9	451	C	CysSO2H	0.6334273663712641
A0A1W2PPX9	487	C	CysSO2H	0.5299928100521027
A0A1W2PPX9	741	C	CysSO2H	0.5235697921724273
A0A1W2PPX9	914	C	CysSO2H	0.5111440564283878
A0A1W2PPX9	1081	C	CysSO2H	0.5547454459260541
A0A1W2PPX9	1489	C	CysSO2H	0.5949738024406462
A0A1W2PPX9	2441	C	CysSO2H	0.7532275816113014
A0A1W2PPX9	2450	C	CysSO2H	0.7610632494274195
A0A1W2PPX9	2480	C	CysSO2H	0.814404548134065
A0A1W2PPX9	2488	C	CysSO2H	0.8953270894694783
A0A8I5KNR2	30	C	CysSO2H	0.6318084727057065
A0A8I5KNR2	79	C	CysSO2H	0.5755423226904158
A0A8I5KNR2	80	C	CysSO2H	0.5638518241884823
A0A8I5KNR2	194	C	CysSO2H	0.5763307596107652
A0A8I5KNR2	419	C	CysSO2H	0.5215481455269062
A0A8I5KNR2	827	C	CysSO2H	0.619960115617572
A0A8I5KNR2	1350	C	CysSO2H	0.5181830507280902
A0A8I5KPS6	131	C	CysSO2H	0.5593791289633392
A0A8I5KPS6	539	C	CysSO2H	0.6468540773305345
A0A8I5KPS6	686	C	CysSO2H	0.5237818315936356
A0A8I5KPS6	1270	C	CysSO2H	0.7061619388670813
A0A8I5KPS6	1279	C	CysSO2H	0.757144682369469
A0A8I5KPS6	1309	C	CysSO2H	0.8369763340472809
A0A8I5KPS6	1317	C	CysSO2H	0.8466618218425708
A0A8I5KQS3	30	C	CysSO2H	0.6318084727057065
A0A8I5KQS3	79	C	CysSO2H	0.5755423226904158
A0A8I5KQS3	80	C	CysSO2H	0.5638518241884823
A0A8I5KQS3	194	C	CysSO2H	0.5763307596107652
A0A8I5KQS3	419	C	CysSO2H	0.5215481455269062
A0A8I5KQS3	827	C	CysSO2H	0.619960115617572
A0A8I5KSB8	131	C	CysSO2H	0.5593791289633392
A0A8I5KSB8	539	C	CysSO2H	0.5808958913556173
A0A8I5KSB8	586	C	CysSO2H	0.5345573644102177
A0A8I5KSB8	1391	C	CysSO2H	0.7536730975912304
A0A8I5KSB8	1400	C	CysSO2H	0.737322939286319
A0A8I5KSB8	1430	C	CysSO2H	0.8229305515135169
A0A8I5KSB8	1438	C	CysSO2H	0.8958984207546505
A0A8I5KV15	269	C	CysSO2H	0.7450741455546076
A0A8I5KV15	361	C	CysSO2H	0.6072796295882605
A0A8I5KV15	462	C	CysSO2H	0.5708907377596827
A0A8I5KV15	752	C	CysSO2H	0.5019043705706469
A0A8I5KV15	925	C	CysSO2H	0.5352693144974643
A0A8I5KV15	1092	C	CysSO2H	0.5475179770738402
A0A8I5KV15	1500	C	CysSO2H	0.5313188879426763
A0A8I5KV15	1688	C	CysSO2H	0.7991817906296207
A0A8I5KV15	2407	C	CysSO2H	0.7481598491994346
A0A8I5KV15	2416	C	CysSO2H	0.741046729366619
A0A8I5KV15	2446	C	CysSO2H	0.8390236659153605
A0A8I5KV15	2454	C	CysSO2H	0.8923614932203189
A0A8I5KW81	124	C	CysSO2H	0.5586840420709231
A0A8I5KW81	513	C	CysSO2H	0.5870804765749313
A0A8I5KW81	889	C	CysSO2H	0.5547942821463886
A0A8I5KW81	921	C	CysSO2H	0.5063253191226027
A0A8I5KW81	1807	C	CysSO2H	0.804310349082888
A0A8I5KW81	1808	C	CysSO2H	0.8469744847560486
A0A8I5KWD0	50	C	CysSO2H	0.5911968746657148
A0A8I5KWD0	99	C	CysSO2H	0.5526131385384437
A0A8I5KWD0	100	C	CysSO2H	0.5381845949134514
A0A8I5KWD0	214	C	CysSO2H	0.6170693901725035
A0A8I5KWD0	272	C	CysSO2H	0.5043340530723305
A0A8I5KWD0	439	C	CysSO2H	0.5377060779635714
A0A8I5KWD0	847	C	CysSO2H	0.6152849126300381
A0A8I5KYR1	131	C	CysSO2H	0.5593791289633392
A0A8I5KYR1	505	C	CysSO2H	0.5830586683366537
A0A8I5KYR1	507	C	CysSO2H	0.6168681930977852
A0A8I5KYR1	539	C	CysSO2H	0.6945060185440033
A0A8I5KYR1	545	C	CysSO2H	0.5003917442880097
A0A8I5KYR1	1084	C	CysSO2H	0.7271781871286372
A0A8I5KYR1	1093	C	CysSO2H	0.7883509008028113
A0A8I5KYR1	1123	C	CysSO2H	0.8221915343346644
A0A8I5KYR1	1131	C	CysSO2H	0.8689485274623123
Q9BYW2	302	C	CysSO3H	0.6065146906685356
Q9BYW2	900	C	CysSO3H	0.5407704104499036
Q9BYW2	1533	C	CysSO3H	0.5160028263101234
Q9BYW2	1678	C	CysSO3H	0.511725204023666
Q9BYW2	1680	C	CysSO3H	0.5542298521749999
Q9BYW2	1766	C	CysSO3H	0.5163662344362525
Q9BYW2	2485	C	CysSO3H	0.5001790907571895
Q9BYW2	2524	C	CysSO3H	0.6546865280269367
Q9BYW2	2532	C	CysSO3H	0.8963158209539003
A0A1W2PPX9	258	C	CysSO3H	0.6648538321591869
A0A1W2PPX9	1636	C	CysSO3H	0.5784567283787702
A0A1W2PPX9	2480	C	CysSO3H	0.7333578627391826
A0A1W2PPX9	2488	C	CysSO3H	0.8837046872956714
A0A8I5KNR2	30	C	CysSO3H	0.5934343037755275
A0A8I5KNR2	194	C	CysSO3H	0.5645877011158122
A0A8I5KNR2	827	C	CysSO3H	0.5328116026279271
A0A8I5KNR2	974	C	CysSO3H	0.5566217026894547
A0A8I5KPS6	539	C	CysSO3H	0.5661079952233339
A0A8I5KPS6	1270	C	CysSO3H	0.516013732196699
A0A8I5KPS6	1309	C	CysSO3H	0.7102280019926168
A0A8I5KPS6	1317	C	CysSO3H	0.8910953656867924
A0A8I5KQS3	30	C	CysSO3H	0.5934343037755275
A0A8I5KQS3	194	C	CysSO3H	0.5645877011158122
A0A8I5KQS3	827	C	CysSO3H	0.5328116026279271
A0A8I5KQS3	974	C	CysSO3H	0.5566217026894547
A0A8I5KSB8	507	C	CysSO3H	0.5258721490615049
A0A8I5KSB8	539	C	CysSO3H	0.5423936890426222
A0A8I5KSB8	584	C	CysSO3H	0.5387875833928701
A0A8I5KSB8	586	C	CysSO3H	0.6100423673428201
A0A8I5KSB8	1391	C	CysSO3H	0.5015945737293158
A0A8I5KSB8	1430	C	CysSO3H	0.7382466411894925
A0A8I5KSB8	1438	C	CysSO3H	0.8825599072390802
A0A8I5KV15	269	C	CysSO3H	0.6528955913265045
A0A8I5KV15	1468	C	CysSO3H	0.524214189795444
A0A8I5KV15	1647	C	CysSO3H	0.5974915946201678
A0A8I5KV15	1652	C	CysSO3H	0.5049333290060157
A0A8I5KV15	1688	C	CysSO3H	0.7810551135386132
A0A8I5KV15	2407	C	CysSO3H	0.5037677607460355
A0A8I5KV15	2446	C	CysSO3H	0.752988125913269
A0A8I5KV15	2454	C	CysSO3H	0.8773204564534097
A0A8I5KW81	889	C	CysSO3H	0.5293589378123562
A0A8I5KW81	1068	C	CysSO3H	0.5613710433468811
A0A8I5KW81	1807	C	CysSO3H	0.5251523523491619
A0A8I5KW81	1808	C	CysSO3H	0.5727126854582145
A0A8I5KWD0	214	C	CysSO3H	0.5204180340199616
A0A8I5KWD0	847	C	CysSO3H	0.5254785748585934
A0A8I5KWD0	994	C	CysSO3H	0.5570175444534308
A0A8I5KYR1	539	C	CysSO3H	0.5251642198985134
A0A8I5KYR1	1084	C	CysSO3H	0.5189078809598019
A0A8I5KYR1	1123	C	CysSO3H	0.738838552745855
A0A8I5KYR1	1131	C	CysSO3H	0.8967034480024062
Q9BYW2	117	K	Lys2AAA	0.6777474895360618
Q9BYW2	818	K	Lys2AAA	0.511303450356702
A0A1W2PPX9	73	K	Lys2AAA	0.6850772447835928
A0A8I5KV15	84	K	Lys2AAA	0.6599306606037634
Q9BYW2	12	M	MetO	0.5027812121998431
Q9BYW2	118	M	MetO	0.7751386662189442
Q9BYW2	504	M	MetO	0.5289794629718094
Q9BYW2	715	M	MetO	0.6442622415434482
Q9BYW2	1080	M	MetO	0.7574024246077479
Q9BYW2	1469	M	MetO	0.6109604440541184
Q9BYW2	1497	M	MetO	0.6695618336926767
Q9BYW2	1526	M	MetO	0.5977749768677295
Q9BYW2	1627	M	MetO	0.6317144695578361
Q9BYW2	1723	M	MetO	0.5686164439412945
Q9BYW2	1889	M	MetO	0.6706065562288375
Q9BYW2	2478	M	MetO	0.8160473250355178
A0A1W2PPX9	74	M	MetO	0.7586407304265955
A0A1W2PPX9	671	M	MetO	0.6185723712766024
A0A1W2PPX9	1036	M	MetO	0.7513458708042642
A0A1W2PPX9	1425	M	MetO	0.5812297503154215
A0A1W2PPX9	1453	M	MetO	0.6556587375523301
A0A1W2PPX9	1482	M	MetO	0.5901424696876992
A0A1W2PPX9	1583	M	MetO	0.6047172518304018
A0A1W2PPX9	1679	M	MetO	0.5481649775139358
A0A1W2PPX9	1845	M	MetO	0.6301923888980177
A0A1W2PPX9	2434	M	MetO	0.8133869973566697
A0A8I5KNR2	9	M	MetO	0.5510014275450892
A0A8I5KNR2	374	M	MetO	0.719243622032843
A0A8I5KNR2	763	M	MetO	0.5450234442689895
A0A8I5KNR2	791	M	MetO	0.693891900130398
A0A8I5KNR2	820	M	MetO	0.5160289875508027
A0A8I5KNR2	921	M	MetO	0.658934606704755
A0A8I5KNR2	1017	M	MetO	0.5430822449988204
A0A8I5KNR2	1183	M	MetO	0.8233749764180468
A0A8I5KPS6	86	M	MetO	0.7106732241858504
A0A8I5KPS6	475	M	MetO	0.5961461017171723
A0A8I5KPS6	503	M	MetO	0.7015103653051582
A0A8I5KPS6	532	M	MetO	0.5926499771175268
A0A8I5KPS6	633	M	MetO	0.6588348948532542
A0A8I5KPS6	729	M	MetO	0.5850374348372772
A0A8I5KPS6	1263	M	MetO	0.817485916219073
A0A8I5KQS3	9	M	MetO	0.5510014275450892
A0A8I5KQS3	374	M	MetO	0.719243622032843
A0A8I5KQS3	763	M	MetO	0.5450234442689895
A0A8I5KQS3	791	M	MetO	0.693891900130398
A0A8I5KQS3	820	M	MetO	0.5160289875508027
A0A8I5KQS3	921	M	MetO	0.658934606704755
A0A8I5KQS3	1017	M	MetO	0.5430822449988204
A0A8I5KQS3	1183	M	MetO	0.7648419597488212
A0A8I5KQS3	1315	M	MetO	0.6392050237101733
A0A8I5KSB8	86	M	MetO	0.7106732241858504
A0A8I5KSB8	475	M	MetO	0.5743892095513116
A0A8I5KSB8	503	M	MetO	0.7024654158539673
A0A8I5KSB8	532	M	MetO	0.6292361588833499
A0A8I5KSB8	629	M	MetO	0.5779817632200029
A0A8I5KSB8	795	M	MetO	0.5972841097238483
A0A8I5KSB8	1384	M	MetO	0.8375644246594526
A0A8I5KV15	85	M	MetO	0.7772572286885387
A0A8I5KV15	471	M	MetO	0.5415248124544046
A0A8I5KV15	682	M	MetO	0.6225934986331253
A0A8I5KV15	1047	M	MetO	0.7569886996106201
A0A8I5KV15	1436	M	MetO	0.5457057481943237
A0A8I5KV15	1464	M	MetO	0.673848552144465
A0A8I5KV15	1493	M	MetO	0.5404897015774119
A0A8I5KV15	1594	M	MetO	0.5728523081818624
A0A8I5KV15	1811	M	MetO	0.6119664999690013
A0A8I5KV15	2400	M	MetO	0.8391875066424777
A0A8I5KW81	103	M	MetO	0.6213149421840711
A0A8I5KW81	468	M	MetO	0.7784958528405623
A0A8I5KW81	885	M	MetO	0.716131970353526
A0A8I5KW81	914	M	MetO	0.542838354619979
A0A8I5KW81	1015	M	MetO	0.5814445836357393
A0A8I5KW81	1111	M	MetO	0.5096718400485389
A0A8I5KW81	1277	M	MetO	0.6923095146747575
A0A8I5KWD0	29	M	MetO	0.6259947271153208
A0A8I5KWD0	394	M	MetO	0.7679209070018015
A0A8I5KWD0	811	M	MetO	0.7095350912513358
A0A8I5KWD0	840	M	MetO	0.5355006271733798
A0A8I5KWD0	941	M	MetO	0.6451838920291612
A0A8I5KWD0	1037	M	MetO	0.5350201041013869
A0A8I5KWD0	1203	M	MetO	0.804245047022534
A0A8I5KYR1	86	M	MetO	0.7106732241858504
A0A8I5KYR1	475	M	MetO	0.5174444158125239
A0A8I5KYR1	503	M	MetO	0.7120723742467581
A0A8I5KYR1	1077	M	MetO	0.809448210400573
Q9BYW2	118	M	MetO2	0.5669818193593222
Q9BYW2	763	M	MetO2	0.5505122671982631
A0A1W2PPX9	74	M	MetO2	0.6922224069620504
A0A1W2PPX9	2434	M	MetO2	0.5353219646543331
A0A8I5KNR2	55	M	MetO2	0.5335495895600537
A0A8I5KNR2	57	M	MetO2	0.5529798795251966
A0A8I5KPS6	1263	M	MetO2	0.5080739714724364
A0A8I5KQS3	55	M	MetO2	0.5335495895600537
A0A8I5KQS3	57	M	MetO2	0.5529798795251966
A0A8I5KSB8	1384	M	MetO2	0.5167994867707931
A0A8I5KV15	85	M	MetO2	0.5960686104402146
A0A8I5KV15	2400	M	MetO2	0.5143592921500804
Q9BYW2	15	F	Phe-OH	0.5739078526198118
Q9BYW2	1454	F	Phe-OH	0.5186922203217242
Q9BYW2	1626	F	Phe-OH	0.7592469291228263
Q9BYW2	2481	F	Phe-OH	0.9219374312883839
A0A1W2PPX9	677	F	Phe-OH	0.5105050861795931
A0A1W2PPX9	1582	F	Phe-OH	0.7448952950566847
A0A1W2PPX9	2437	F	Phe-OH	0.9089821860880267
A0A8I5KNR2	920	F	Phe-OH	0.7804092290673054
A0A8I5KPS6	460	F	Phe-OH	0.5354868293579162
A0A8I5KPS6	632	F	Phe-OH	0.7383264925094142
A0A8I5KPS6	1266	F	Phe-OH	0.9190875383236483
A0A8I5KQS3	920	F	Phe-OH	0.7804092290673054
A0A8I5KSB8	1387	F	Phe-OH	0.896168109546185
A0A8I5KV15	688	F	Phe-OH	0.5113297690869669
A0A8I5KV15	1593	F	Phe-OH	0.6576868193728789
A0A8I5KV15	2403	F	Phe-OH	0.8932294601793977
A0A8I5KW81	109	F	Phe-OH	0.5096972595496679
A0A8I5KW81	1014	F	Phe-OH	0.7254339571311115
A0A8I5KWD0	35	F	Phe-OH	0.5445950562245562
A0A8I5KWD0	940	F	Phe-OH	0.7994043942658993
A0A8I5KYR1	1080	F	Phe-OH	0.9152607468037512
A0A8I5KW81	1783	W	Trp-OH	0.6822147977126642
Q9BYW2	16	Y	Tyr-OH	0.5144065601298979
Q9BYW2	501	Y	Tyr-OH	0.6547127607474647
Q9BYW2	1472	Y	Tyr-OH	0.5583199998395065
A0A1W2PPX9	457	Y	Tyr-OH	0.6601369691422027
A0A1W2PPX9	1428	Y	Tyr-OH	0.5985710633625196
A0A8I5KNR2	766	Y	Tyr-OH	0.5846246111440726
A0A8I5KPS6	478	Y	Tyr-OH	0.5427307855038984
A0A8I5KQS3	766	Y	Tyr-OH	0.5846246111440726
A0A8I5KV15	468	Y	Tyr-OH	0.6487309931839615
A0A8I5KV15	1439	Y	Tyr-OH	0.5961907541728678
A0A8I5KW81	860	Y	Tyr-OH	0.5083382502903503
A0A8I5KWD0	786	Y	Tyr-OH	0.5396437174246401
A0A8I5KYR1	478	Y	Tyr-OH	0.5744907285602165
Q9BYW2	1450	V	Val-OH	0.6262155947607632
Q9BYW2	1715	V	Val-OH	0.5189328022186047
Q9BYW2	2483	V	Val-OH	0.5367098549185927
A0A1W2PPX9	2439	V	Val-OH	0.5966094521670952
A0A8I5KNR2	744	V	Val-OH	0.5712296096470172
A0A8I5KPS6	456	V	Val-OH	0.6183798015523574
A0A8I5KPS6	721	V	Val-OH	0.5781245349891021
A0A8I5KPS6	1268	V	Val-OH	0.5419122350568274
A0A8I5KQS3	744	V	Val-OH	0.5712296096470172
A0A8I5KSB8	456	V	Val-OH	0.6166148817232071
A0A8I5KSB8	621	V	Val-OH	0.5225904321130134
A0A8I5KSB8	1389	V	Val-OH	0.5615974729894078
A0A8I5KV15	1417	V	Val-OH	0.5337104454982243
A0A8I5KV15	2405	V	Val-OH	0.5676461773672531
A0A8I5KW81	838	V	Val-OH	0.5200506140249761
A0A8I5KWD0	764	V	Val-OH	0.5859655992380837
A0A8I5KWD0	1029	V	Val-OH	0.5021985394685077
A0A8I5KYR1	1082	V	Val-OH	0.6256974288209952
C9JG86	462	R	Arg-OH	0.7584505052176409
H7BXT4	378	R	Arg-OH	0.7944222086563146
H7BXT4	1327	R	Arg-OH	0.9251704972810283
H7BZ93	224	R	Arg-OH	0.7934337688300052
H7BZ93	1173	R	Arg-OH	0.7571780325459004
H7C3H4	140	R	Arg-OH	0.7326885198876805
H7C3H4	1089	R	Arg-OH	0.5844814517828536
E9Q5F9	506	R	Arg-OH	0.7971193846074294
A0A0G2JDY1	37	R	Arg-OH	0.5720833894959222
A0A0G2JH06	223	R	Arg-OH	0.756639792358846
A0A0G2JH06	785	R	Arg-OH	0.5228890641063823
A0A0G2JH06	1077	R	Arg-OH	0.6349050092774218
Q8NCW5	106	R	Arg-OH	0.7896595070501271
Q8NCW5	286	R	Arg-OH	0.5098820228898363
A0A7P0T9Y2	106	R	Arg-OH	0.7586879252731797
A0A7P0T9Y2	129	R	Arg-OH	0.5306552668734408
A0A7P0TAG8	106	R	Arg-OH	0.7837333895169796
A0A7P0Z426	106	R	Arg-OH	0.846628558685897
A0A7P0Z426	129	R	Arg-OH	0.532048558625676
Q5T3I3	106	R	Arg-OH	0.8099058647353564
Q5T3I3	176	R	Arg-OH	0.5253079859797175
Q5T3I4	106	R	Arg-OH	0.7777988232860146
Q8K4Z3	280	R	Arg-OH	0.5666676007548513
J3QPU6	38	R	Arg-OH	0.5054760610292799
A0A8I5QJW6	77	N	Asn-OH	0.6077494889096369
A0A8I5QJW6	239	N	Asn-OH	0.8357344928548981
C9JG86	675	N	Asn-OH	0.7423397475691861
C9JG86	1031	N	Asn-OH	0.5867311230440091
C9JG86	1259	N	Asn-OH	0.5641380600276805
H7BXT4	591	N	Asn-OH	0.5939920480952078
H7BXT4	947	N	Asn-OH	0.5537445146840029
H7BXT4	1175	N	Asn-OH	0.6054847777832829
H7BZ93	437	N	Asn-OH	0.7335428785275985
H7BZ93	793	N	Asn-OH	0.544715543611024
H7C3H4	353	N	Asn-OH	0.5786162547993616
H7C3H4	709	N	Asn-OH	0.5938354986763288
H7C3H4	1262	N	Asn-OH	0.7861560808107959
H7C3H4	1359	N	Asn-OH	0.6417603484769161
H7C3H4	1447	N	Asn-OH	0.590324218861628
H7C3H4	1521	N	Asn-OH	0.9315831334266198
E9Q5F9	718	N	Asn-OH	0.6653296075412521
E9Q5F9	1054	N	Asn-OH	0.5334158957129204
E9Q5F9	1358	N	Asn-OH	0.5553289967769656
E9Q5F9	1602	N	Asn-OH	0.7471624564772191
E9Q5F9	1699	N	Asn-OH	0.6063778864500537
E9Q5F9	1861	N	Asn-OH	0.8138954849381526
A0A0G2JDY1	213	N	Asn-OH	0.8834777323421734
A0A0G2JDZ6	64	N	Asn-OH	0.5734487669078294
A0A0G2JEZ4	85	N	Asn-OH	0.7911096984623305
A0A0G2JH06	435	N	Asn-OH	0.7106893745306567
A0A0G2JH06	771	N	Asn-OH	0.5562997163582476
A0A0G2JH06	1075	N	Asn-OH	0.6910735520166491
Q8IW45	52	N	Asn-OH	0.7682776827216339
A0A7P0T906	34	N	Asn-OH	0.7713508181793208
A0A7P0T9D8	34	N	Asn-OH	0.748635889490005
A0A7P0T9R3	60	N	Asn-OH	0.8260435631399156
A0A7P0TAU0	34	N	Asn-OH	0.9616276838082117
J3QMM7	32	N	Asn-OH	0.9574082116831559
J3QMM7	205	N	Asn-OH	0.962097294500685
J3QN06	32	N	Asn-OH	0.9588930610536808
J3QN06	205	N	Asn-OH	0.966389886133231
J3QPU6	32	N	Asn-OH	0.9705321271022413
K3W4M4	70	N	Asn-OH	0.9578313104414731
K3W4M4	243	N	Asn-OH	0.9614234712830185
A0A8I5QJW6	14	D	Asp-OH	0.5168803032750384
A0A8I5QJW6	242	D	Asp-OH	0.7917958957157645
C9JG86	78	D	Asp-OH	0.6299948803400506
H7BXT4	332	D	Asp-OH	0.5255918360470978
H7BXT4	1324	D	Asp-OH	0.7988151117044846
H7BXT4	1325	D	Asp-OH	0.7655651930000495
H7BZ93	1170	D	Asp-OH	0.6036429708985382
H7BZ93	1171	D	Asp-OH	0.5342550750683763
H7C3H4	1524	D	Asp-OH	0.9467645219980632
E9Q5F9	120	D	Asp-OH	0.8728573335890634
E9Q5F9	123	D	Asp-OH	0.6723591216859817
E9Q5F9	1843	D	Asp-OH	0.6628807475235243
E9Q5F9	1845	D	Asp-OH	0.5340805838665756
E9Q5F9	1864	D	Asp-OH	0.7567592479791455
A0A0G2JDY1	56	D	Asp-OH	0.6582149975027651
A0A0G2JDZ6	35	D	Asp-OH	0.6207012393907879
A0A0G2JDZ6	55	D	Asp-OH	0.5238275953913485
A0A0G2JEZ4	67	D	Asp-OH	0.679148546528843
A0A0G2JEZ4	69	D	Asp-OH	0.5746423788559671
A0A0G2JEZ4	88	D	Asp-OH	0.7742708694718676
Q8NCW5	48	D	Asp-OH	0.707755577295651
Q8NCW5	218	D	Asp-OH	0.6354711345587886
Q8NCW5	224	D	Asp-OH	0.8444129597640158
A0A7P0T9Y2	48	D	Asp-OH	0.7594103795600653
A0A7P0TA18	48	D	Asp-OH	0.8960353849616921
A0A7P0TAG8	48	D	Asp-OH	0.7449269734787557
A0A7P0Z426	48	D	Asp-OH	0.7244646779447497
Q5T3I3	48	D	Asp-OH	0.52534824187938
Q5T3I3	162	D	Asp-OH	0.9225432504748828
Q5T3I4	48	D	Asp-OH	0.7152930661891264
Q8IW45	49	D	Asp-OH	0.9687698331655604
Q8IW45	223	D	Asp-OH	0.9561441589046781
Q8IW45	225	D	Asp-OH	0.8100550593508273
Q8IW45	226	D	Asp-OH	0.6197276123707164
Q8IW45	332	D	Asp-OH	0.9694988144595259
A0A7P0T906	31	D	Asp-OH	0.9688707710258949
A0A7P0T906	205	D	Asp-OH	0.9328357035317744
A0A7P0T906	207	D	Asp-OH	0.5550868615758392
A0A7P0T9D8	31	D	Asp-OH	0.9666275710701863
A0A7P0T9D8	205	D	Asp-OH	0.9522435741018477
A0A7P0T9D8	207	D	Asp-OH	0.7633711610662055
A0A7P0T9D8	208	D	Asp-OH	0.5523218056892581
A0A7P0T9D8	314	D	Asp-OH	0.9695027540915722
A0A7P0T9R3	57	D	Asp-OH	0.9701625225371319
A0A7P0T9R3	231	D	Asp-OH	0.950457284830091
A0A7P0T9R3	233	D	Asp-OH	0.8048883213781568
A0A7P0T9R3	234	D	Asp-OH	0.6045842708118344
A0A7P0T9R3	340	D	Asp-OH	0.9683291359910582
A0A7P0TAU0	31	D	Asp-OH	0.9745092568577755
J3QMM7	29	D	Asp-OH	0.9694583423586961
J3QMM7	203	D	Asp-OH	0.9700837600804111
J3QMM7	206	D	Asp-OH	0.953083283673943
J3QMM7	312	D	Asp-OH	0.967027140347986
J3QN06	29	D	Asp-OH	0.9712960756330068
J3QN06	203	D	Asp-OH	0.9723681160380421
J3QN06	206	D	Asp-OH	0.9671610043239173
J3QPU6	29	D	Asp-OH	0.9748878830383491
K3W4M4	67	D	Asp-OH	0.970398872862838
K3W4M4	241	D	Asp-OH	0.9699154349298391
K3W4M4	244	D	Asp-OH	0.9518131204876755
K3W4M4	350	D	Asp-OH	0.9635967503393683
A0A8I5QJW6	837	C	Cys4HNE	0.6795435009475361
A0A8I5QJW6	846	C	Cys4HNE	0.5044594309293636
A0A8I5QJW6	876	C	Cys4HNE	0.859290137309754
A0A8I5QJW6	884	C	Cys4HNE	0.8977233088685754
C9JG86	486	C	Cys4HNE	0.6308262913218532
C9JG86	487	C	Cys4HNE	0.5565125459318471
C9JG86	914	C	Cys4HNE	0.5783080285044786
C9JG86	1081	C	Cys4HNE	0.611727330214128
H7BXT4	402	C	Cys4HNE	0.5332059341352628
H7BXT4	830	C	Cys4HNE	0.5500675633715364
H7BXT4	997	C	Cys4HNE	0.5226234215798962
H7BXT4	1343	C	Cys4HNE	0.5509095011579308
H7BZ93	248	C	Cys4HNE	0.6292124229328011
H7BZ93	249	C	Cys4HNE	0.524637381402011
H7BZ93	676	C	Cys4HNE	0.60631840881775
H7BZ93	843	C	Cys4HNE	0.6550649216479303
H7BZ93	1217	C	Cys4HNE	0.5681115367671372
H7BZ93	1219	C	Cys4HNE	0.7286746573779337
H7BZ93	1251	C	Cys4HNE	0.6894529023661619
H7BZ93	1257	C	Cys4HNE	0.622301151340663
H7C3H4	164	C	Cys4HNE	0.5850224228043304
H7C3H4	165	C	Cys4HNE	0.5480953179882275
H7C3H4	592	C	Cys4HNE	0.5699289510930696
H7C3H4	759	C	Cys4HNE	0.5336324385373792
E9Q5F9	530	C	Cys4HNE	0.5891834600670209
E9Q5F9	531	C	Cys4HNE	0.5791504369607317
A0A0G2JDY1	53	C	Cys4HNE	0.5724630504828662
A0A0G2JDY1	83	C	Cys4HNE	0.5032098983303364
A0A0G2JH06	247	C	Cys4HNE	0.6140695165934462
A0A0G2JH06	248	C	Cys4HNE	0.5910052257592046
Q8NCW5	283	C	Cys4HNE	0.5289921716654572
A0A7P0T9Y2	115	C	Cys4HNE	0.6969929103732531
A0A7P0TAG8	262	C	Cys4HNE	0.5665771463408913
A0A7P0Z426	115	C	Cys4HNE	0.5953667363430056
Q5T3I3	229	C	Cys4HNE	0.5398313488407351
Q5T3I3	244	C	Cys4HNE	0.676622011099421
Q5T3I3	247	C	Cys4HNE	0.6317474707231643
Q5T3I4	115	C	Cys4HNE	0.5517565910215838
Q5T3I4	241	C	Cys4HNE	0.610262885481257
Q8K4Z3	277	C	Cys4HNE	0.6636480153712598
Q8IW45	82	C	Cys4HNE	0.5058406954488
A0A7P0TAU0	64	C	Cys4HNE	0.8985069387218044
A0A7P0TAU0	90	C	Cys4HNE	0.86215413401173
J3QN06	62	C	Cys4HNE	0.6981522270788633
J3QPU6	62	C	Cys4HNE	0.9309242661273857
A0A8I5QJW6	32	C	CysSO2H	0.5405737736277014
A0A8I5QJW6	837	C	CysSO2H	0.7134369149704647
A0A8I5QJW6	846	C	CysSO2H	0.7905924778478914
A0A8I5QJW6	876	C	CysSO2H	0.8260672962908193
A0A8I5QJW6	884	C	CysSO2H	0.8713276196144863
C9JG86	258	C	CysSO2H	0.7503073781333471
C9JG86	350	C	CysSO2H	0.6414408630203868
C9JG86	451	C	CysSO2H	0.6334273663712641
C9JG86	487	C	CysSO2H	0.5299928100521027
C9JG86	741	C	CysSO2H	0.5235697921724273
C9JG86	914	C	CysSO2H	0.5111440564283878
C9JG86	1081	C	CysSO2H	0.5547454459260541
H7BXT4	174	C	CysSO2H	0.8382801581205436
H7BXT4	266	C	CysSO2H	0.7048065808514091
H7BXT4	367	C	CysSO2H	0.7997256715822014
H7BXT4	403	C	CysSO2H	0.528150191825663
H7BXT4	997	C	CysSO2H	0.5581797774030097
H7BZ93	20	C	CysSO2H	0.6735017496234903
H7BZ93	112	C	CysSO2H	0.50940888323107
H7BZ93	213	C	CysSO2H	0.5552724938730755
H7BZ93	618	C	CysSO2H	0.5021881051906775
H7BZ93	676	C	CysSO2H	0.5555465784948593
H7BZ93	843	C	CysSO2H	0.5367168732027213
H7BZ93	1217	C	CysSO2H	0.7305111759437476
H7BZ93	1219	C	CysSO2H	0.7776740847641713
H7BZ93	1251	C	CysSO2H	0.7641856805056829
H7BZ93	1257	C	CysSO2H	0.5840846902022848
H7C3H4	28	C	CysSO2H	0.5337872234213303
H7C3H4	129	C	CysSO2H	0.6126369491106272
H7C3H4	165	C	CysSO2H	0.532979370598956
H7C3H4	759	C	CysSO2H	0.587307930564784
H7C3H4	1135	C	CysSO2H	0.5301988459610459
H7C3H4	1167	C	CysSO2H	0.510186442871588
E9Q5F9	379	C	CysSO2H	0.7127594095475915
E9Q5F9	395	C	CysSO2H	0.5604897382721921
E9Q5F9	495	C	CysSO2H	0.6099916233059046
E9Q5F9	530	C	CysSO2H	0.5303591805737761
E9Q5F9	531	C	CysSO2H	0.5824856340187574
E9Q5F9	594	C	CysSO2H	0.5244928982502832
E9Q5F9	735	C	CysSO2H	0.5091562917837016
E9Q5F9	1100	C	CysSO2H	0.6093818567251171
E9Q5F9	1728	C	CysSO2H	0.5374579543605813
A0A0G2JDY1	81	C	CysSO2H	0.5160215183157376
A0A0G2JDY1	83	C	CysSO2H	0.5490549771837717
A0A0G2JDY1	115	C	CysSO2H	0.6478245125868005
A0A0G2JDY1	220	C	CysSO2H	0.5783714637401897
A0A0G2JEW8	45	C	CysSO2H	0.5574639330195721
A0A0G2JH06	96	C	CysSO2H	0.6505255526012748
A0A0G2JH06	112	C	CysSO2H	0.5368798685415843
A0A0G2JH06	212	C	CysSO2H	0.5363905559674746
A0A0G2JH06	247	C	CysSO2H	0.5058979394437515
A0A0G2JH06	248	C	CysSO2H	0.5599445684129953
A0A0G2JH06	452	C	CysSO2H	0.5696609986593897
A0A0G2JH06	817	C	CysSO2H	0.6575597594000042
Q8NCW5	115	C	CysSO2H	0.6453952878873815
Q8NCW5	158	C	CysSO2H	0.5968805416432449
Q8NCW5	283	C	CysSO2H	0.5376369196253958
A0A7P0T9Y2	115	C	CysSO2H	0.7476430679557764
A0A7P0T9Y2	158	C	CysSO2H	0.5748166839274381
A0A7P0TA18	121	C	CysSO2H	0.7086873526610944
A0A7P0TAG8	115	C	CysSO2H	0.6708622800311167
A0A7P0TAG8	158	C	CysSO2H	0.6245201313461822
A0A7P0TAG8	262	C	CysSO2H	0.5428952027827391
A0A7P0Z426	29	C	CysSO2H	0.501540384887107
A0A7P0Z426	115	C	CysSO2H	0.7096287835372816
A0A7P0Z426	158	C	CysSO2H	0.5509563489035225
A0A7P0Z426	223	C	CysSO2H	0.5583600998560645
Q5T3I3	115	C	CysSO2H	0.5300479527886689
Q5T3I4	115	C	CysSO2H	0.6977866205365119
Q5T3I4	158	C	CysSO2H	0.6043838031872354
Q5T3I4	241	C	CysSO2H	0.6402833722729085
Q8K4Z3	109	C	CysSO2H	0.5564792256768823
Q8K4Z3	152	C	CysSO2H	0.5707875635213454
Q8K4Z3	277	C	CysSO2H	0.5640554892423809
Q8IW45	108	C	CysSO2H	0.6251443850909139
A0A7P0T906	90	C	CysSO2H	0.5320727625932813
A0A7P0T906	306	C	CysSO2H	0.5184626499874537
A0A7P0T9D8	90	C	CysSO2H	0.58495459949809
A0A7P0T9R3	116	C	CysSO2H	0.5834738886550798
A0A7P0TAU0	64	C	CysSO2H	0.7570124569484571
A0A7P0TAU0	90	C	CysSO2H	0.8272302506017346
J3QPU6	11	C	CysSO2H	0.5618944741659064
J3QPU6	62	C	CysSO2H	0.8417309187286077
A0A8I5QJW6	837	C	CysSO3H	0.5033727477635416
A0A8I5QJW6	876	C	CysSO3H	0.7461069191583416
A0A8I5QJW6	884	C	CysSO3H	0.8927044808808714
C9JG86	258	C	CysSO3H	0.6648538321591869
H7BXT4	174	C	CysSO3H	0.6362661123952917
H7BXT4	466	C	CysSO3H	0.5410686818926522
H7BZ93	20	C	CysSO3H	0.6053661133451166
H7BZ93	1217	C	CysSO3H	0.6543999727646896
H7BZ93	1219	C	CysSO3H	0.7347219906207307
H7BZ93	1251	C	CysSO3H	0.700491283664883
H7BZ93	1257	C	CysSO3H	0.511507572417895
H7C3H4	228	C	CysSO3H	0.514663789456853
H7C3H4	1314	C	CysSO3H	0.5547710210169307
E9Q5F9	594	C	CysSO3H	0.5900337475266552
E9Q5F9	1740	C	CysSO3H	0.6546623764622593
A0A0G2JDY1	81	C	CysSO3H	0.5001762514984093
A0A0G2JDY1	83	C	CysSO3H	0.5830630817084337
A0A0G2JDY1	115	C	CysSO3H	0.6712108675245072
A0A0G2JEW8	45	C	CysSO3H	0.7021806590480185
A0A0G2JH06	96	C	CysSO3H	0.5285035954063458
A0A0G2JH06	311	C	CysSO3H	0.542429827836558
Q8NCW5	115	C	CysSO3H	0.5288398043652506
Q8NCW5	158	C	CysSO3H	0.7731877547671675
Q8NCW5	283	C	CysSO3H	0.544868162188739
A0A7P0T9Y2	115	C	CysSO3H	0.7228156269609621
A0A7P0T9Y2	127	C	CysSO3H	0.6165241565958535
A0A7P0T9Y2	158	C	CysSO3H	0.806492500348587
A0A7P0TA18	29	C	CysSO3H	0.5427514130679322
A0A7P0TA18	121	C	CysSO3H	0.87544855807643
A0A7P0TAG8	115	C	CysSO3H	0.5826397206876113
A0A7P0TAG8	158	C	CysSO3H	0.7627267634721073
A0A7P0TAG8	262	C	CysSO3H	0.5676779528359798
A0A7P0Z426	115	C	CysSO3H	0.6315486863572151
A0A7P0Z426	158	C	CysSO3H	0.7452692940861763
A0A7P0Z426	223	C	CysSO3H	0.6188613143681323
Q5T3I4	115	C	CysSO3H	0.6568462246064078
Q5T3I4	127	C	CysSO3H	0.547273521588728
Q5T3I4	158	C	CysSO3H	0.8328581545969485
Q8K4Z3	152	C	CysSO3H	0.8563991200933316
Q8K4Z3	277	C	CysSO3H	0.6074550360137126
Q8IW45	108	C	CysSO3H	0.7117395478008025
Q8IW45	261	C	CysSO3H	0.5538806581281396
A0A7P0T906	306	C	CysSO3H	0.5412572013237833
A0A7P0T9D8	90	C	CysSO3H	0.6817095534074608
A0A7P0T9D8	243	C	CysSO3H	0.5155199668086797
A0A7P0T9R3	116	C	CysSO3H	0.6848553361822362
A0A7P0T9R3	269	C	CysSO3H	0.5633262471698297
A0A7P0TAU0	64	C	CysSO3H	0.8657769040102921
A0A7P0TAU0	90	C	CysSO3H	0.8514194507271943
J3QMM7	88	C	CysSO3H	0.5913787501547854
J3QN06	11	C	CysSO3H	0.5164216112650275
J3QN06	62	C	CysSO3H	0.6031394994220418
J3QN06	88	C	CysSO3H	0.6401391787871015
J3QPU6	11	C	CysSO3H	0.5659466174889306
J3QPU6	62	C	CysSO3H	0.9261594312174228
K3W4M4	126	C	CysSO3H	0.5546026884580457
C9JG86	73	K	Lys2AAA	0.6850772447835928
A0A0G2JDZ6	67	K	Lys2AAA	0.8176594012759798
Q8NCW5	227	K	Lys2AAA	0.7446120300439272
Q8K4Z3	100	K	Lys2AAA	0.5038459606149894
A0A7P0TAU0	30	K	Lys2AAA	0.5911622390204704
A0A7P0TAU0	80	K	Lys2AAA	0.6066695748760607
J3QMM7	208	K	Lys2AAA	0.6935454370579506
J3QN06	208	K	Lys2AAA	0.8362289536686001
J3QPU6	28	K	Lys2AAA	0.8340570138289441
J3QPU6	78	K	Lys2AAA	0.6918940694451738
K3W4M4	246	K	Lys2AAA	0.7411171279946479
A0A8I5QJW6	12	M	MetO	0.6373645301857924
A0A8I5QJW6	75	M	MetO	0.5470240914673704
A0A8I5QJW6	241	M	MetO	0.6300076044346554
A0A8I5QJW6	830	M	MetO	0.8053100537448443
C9JG86	74	M	MetO	0.7586407304265955
C9JG86	671	M	MetO	0.6185723712766024
C9JG86	1036	M	MetO	0.7513458708042642
H7BXT4	376	M	MetO	0.6949041488711281
H7BXT4	587	M	MetO	0.5360711597679676
H7BXT4	952	M	MetO	0.7686934927507724
H7BXT4	1323	M	MetO	0.6441653458547495
H7BXT4	1341	M	MetO	0.6494044313890965
H7BZ93	222	M	MetO	0.5267748433184444
H7BZ93	433	M	MetO	0.6104122223551093
H7BZ93	798	M	MetO	0.7537408594787238
H7BZ93	1187	M	MetO	0.6326768467859886
H7BZ93	1215	M	MetO	0.7864488598731412
H7BZ93	1244	M	MetO	0.6726600695676164
H7C3H4	349	M	MetO	0.5298889704250097
H7C3H4	714	M	MetO	0.7724341345320344
H7C3H4	1131	M	MetO	0.7222310439581618
H7C3H4	1160	M	MetO	0.5914979174640315
H7C3H4	1261	M	MetO	0.6294144669747384
H7C3H4	1357	M	MetO	0.5468299720161496
H7C3H4	1523	M	MetO	0.7665126058748485
E9Q5F9	119	M	MetO	0.8066503237257606
E9Q5F9	504	M	MetO	0.5366015021901732
E9Q5F9	714	M	MetO	0.7116942547475041
E9Q5F9	1059	M	MetO	0.7276363086751502
E9Q5F9	1443	M	MetO	0.6288828389534248
E9Q5F9	1471	M	MetO	0.6819591264860841
E9Q5F9	1500	M	MetO	0.5461393630306528
E9Q5F9	1601	M	MetO	0.6093766347151502
E9Q5F9	1697	M	MetO	0.5136198403469212
E9Q5F9	1842	M	MetO	0.6559632699711831
A0A0G2JDY1	51	M	MetO	0.7743919281346715
A0A0G2JDY1	79	M	MetO	0.7915471086736579
A0A0G2JDY1	108	M	MetO	0.7512408127526824
A0A0G2JDY1	212	M	MetO	0.700792493115551
A0A0G2JDZ6	66	M	MetO	0.5471015207877784
A0A0G2JEZ4	66	M	MetO	0.6445048630819069
A0A0G2JEZ4	87	M	MetO	0.5435052649919757
A0A0G2JH06	221	M	MetO	0.5295686696037487
A0A0G2JH06	431	M	MetO	0.7119340920913279
A0A0G2JH06	776	M	MetO	0.7397787702698967
Q8NCW5	52	M	MetO	0.9110593126612719
Q8NCW5	104	M	MetO	0.5501744195008932
A0A7P0T9Y2	52	M	MetO	0.8920148138082279
A0A7P0T9Y2	104	M	MetO	0.5600600872837901
A0A7P0TA18	52	M	MetO	0.9213790090028151
A0A7P0TAG8	52	M	MetO	0.9135932220634595
A0A7P0TAG8	104	M	MetO	0.5583612829713511
A0A7P0Z426	52	M	MetO	0.8663945050013117
A0A7P0Z426	104	M	MetO	0.5594505318122454
Q5T3I3	52	M	MetO	0.723129721640787
Q5T3I3	161	M	MetO	0.8243302885215247
Q5T3I3	169	M	MetO	0.8099716150174044
Q5T3I4	52	M	MetO	0.8924269638592637
Q5T3I4	104	M	MetO	0.5206793509687797
Q8K4Z3	46	M	MetO	0.8630033515449667
Q8K4Z3	98	M	MetO	0.5883931300681817
Q8IW45	50	M	MetO	0.921876847971541
Q8IW45	222	M	MetO	0.912893482732585
Q8IW45	333	M	MetO	0.9228054188821578
A0A7P0T906	32	M	MetO	0.8973866720881394
A0A7P0T906	204	M	MetO	0.8457926874972745
A0A7P0T9D8	32	M	MetO	0.9118245948125562
A0A7P0T9D8	204	M	MetO	0.8994143334367124
A0A7P0T9D8	315	M	MetO	0.9200532942961372
A0A7P0T9R3	58	M	MetO	0.9176337245405752
A0A7P0T9R3	230	M	MetO	0.9034883479384923
A0A7P0T9R3	341	M	MetO	0.9201509919913213
A0A7P0TAU0	32	M	MetO	0.9364042699700242
J3QMM7	30	M	MetO	0.9186882341343684
J3QMM7	202	M	MetO	0.9132889785586357
J3QMM7	313	M	MetO	0.9063152600491028
J3QN06	30	M	MetO	0.9110235366049855
J3QN06	202	M	MetO	0.9218291141399519
J3QPU6	30	M	MetO	0.9494051578303155
K3W4M4	68	M	MetO	0.9220768164611021
K3W4M4	240	M	MetO	0.9152100964549529
K3W4M4	351	M	MetO	0.9074642649229093
C9JG86	74	M	MetO2	0.6922224069620504
H7BXT4	635	M	MetO2	0.5464868381051559
Q8NCW5	52	M	MetO2	0.6292013180700194
A0A7P0T9Y2	52	M	MetO2	0.6512854421382412
A0A7P0TA18	52	M	MetO2	0.7300362767474834
A0A7P0TAG8	52	M	MetO2	0.6194286205215729
A0A7P0Z426	52	M	MetO2	0.6155497451375191
Q5T3I3	52	M	MetO2	0.5519294150186579
Q5T3I3	161	M	MetO2	0.836153928543437
Q5T3I3	169	M	MetO2	0.7293500063786993
Q5T3I4	52	M	MetO2	0.6195176808962486
Q8IW45	333	M	MetO2	0.6187261926793555
A0A7P0T9D8	315	M	MetO2	0.6376205792481768
A0A7P0T9R3	341	M	MetO2	0.5990204838344254
A0A7P0TAU0	32	M	MetO2	0.6837227340149944
J3QMM7	202	M	MetO2	0.5195651145970802
J3QMM7	313	M	MetO2	0.5817352460918856
J3QN06	202	M	MetO2	0.7309026613933254
J3QPU6	30	M	MetO2	0.8618715704492151
K3W4M4	240	M	MetO2	0.5009892482664479
K3W4M4	351	M	MetO2	0.6144371828890046
A0A8I5QJW6	15	F	Phe-OH	0.6621656912550076
A0A8I5QJW6	833	F	Phe-OH	0.8855970115668562
C9JG86	677	F	Phe-OH	0.5105050861795931
H7BXT4	1017	F	Phe-OH	0.5164435201158261
H7BXT4	1326	F	Phe-OH	0.7695989753003487
H7BZ93	439	F	Phe-OH	0.5149229362523393
H7BZ93	1191	F	Phe-OH	0.5793745413610161
H7C3H4	1260	F	Phe-OH	0.7746385126149319
E9Q5F9	125	F	Phe-OH	0.7940061686412782
E9Q5F9	1600	F	Phe-OH	0.7035169662826888
A0A0G2JDY1	55	F	Phe-OH	0.7551774445199045
A0A0G2JDY1	188	F	Phe-OH	0.531264048978578
A0A0G2JDY1	211	F	Phe-OH	0.9039423969019265
A0A0G2JH06	437	F	Phe-OH	0.5348001825061723
Q5T3I3	165	F	Phe-OH	0.962466005201849
A0A7P0TAU0	89	F	Phe-OH	0.6165912272889059
J3QMM7	34	F	Phe-OH	0.5416116848788664
J3QN06	34	F	Phe-OH	0.5128462365102864
J3QPU6	34	F	Phe-OH	0.9529548400918039
J3QPU6	71	F	Phe-OH	0.6883212057866037
K3W4M4	72	F	Phe-OH	0.5627242228506678
C9JG86	1256	W	Trp-OH	0.6606078331369729
C9JG86	1262	W	Trp-OH	0.6512210680171852
H7BXT4	1172	W	Trp-OH	0.7267305588318261
H7BXT4	1178	W	Trp-OH	0.6680013611110722
A0A0G2JEW8	127	W	Trp-OH	0.5092839121500861
Q8NCW5	35	W	Trp-OH	0.5243865238850043
Q8NCW5	47	W	Trp-OH	0.8255787674573758
Q8NCW5	223	W	Trp-OH	0.6763880804580997
A0A7P0T9Y2	35	W	Trp-OH	0.7016088019273473
A0A7P0T9Y2	36	W	Trp-OH	0.6159813580345544
A0A7P0T9Y2	47	W	Trp-OH	0.8866549889148261
A0A7P0T9Y2	224	W	Trp-OH	0.5998864266902116
A0A7P0TA18	35	W	Trp-OH	0.8127450271506139
A0A7P0TA18	36	W	Trp-OH	0.7248845300926948
A0A7P0TA18	47	W	Trp-OH	0.9039142421977696
A0A7P0TA18	187	W	Trp-OH	0.6399700660500863
A0A7P0TAG8	35	W	Trp-OH	0.5513312501100263
A0A7P0TAG8	36	W	Trp-OH	0.5126431214110477
A0A7P0TAG8	47	W	Trp-OH	0.8133945906566884
A0A7P0Z426	35	W	Trp-OH	0.5503581258047903
A0A7P0Z426	36	W	Trp-OH	0.5082151444103875
A0A7P0Z426	47	W	Trp-OH	0.8209117452306863
Q5T3I3	35	W	Trp-OH	0.5328304471126422
Q5T3I3	47	W	Trp-OH	0.6934620234640965
Q5T3I4	35	W	Trp-OH	0.5695207416009785
Q5T3I4	36	W	Trp-OH	0.5494899214119366
Q5T3I4	47	W	Trp-OH	0.8322497630720525
A0A7P0T906	290	W	Trp-OH	0.7697513559014091
J3QMM7	194	W	Trp-OH	0.7023736533405887
J3QMM7	287	W	Trp-OH	0.5762564169838735
J3QN06	194	W	Trp-OH	0.8261620704106459
J3QN06	243	W	Trp-OH	0.5246374271585041
K3W4M4	232	W	Trp-OH	0.62965054423077
K3W4M4	325	W	Trp-OH	0.563021481408366
A0A8I5QJW6	440	Y	Tyr-OH	0.5311211553754691
C9JG86	457	Y	Tyr-OH	0.6601369691422027
C9JG86	1261	Y	Tyr-OH	0.6125695464441071
H7BXT4	337	Y	Tyr-OH	0.5437716300923807
H7BXT4	373	Y	Tyr-OH	0.8176529109228798
H7BXT4	1177	Y	Tyr-OH	0.5823789682151379
H7BXT4	1344	Y	Tyr-OH	0.668257131143914
H7BZ93	219	Y	Tyr-OH	0.6399217080195041
H7BZ93	1190	Y	Tyr-OH	0.6339133494572688
H7C3H4	135	Y	Tyr-OH	0.6176128994240692
E9Q5F9	501	Y	Tyr-OH	0.615441078814256
E9Q5F9	1446	Y	Tyr-OH	0.5711861817817216
A0A0G2JDY1	54	Y	Tyr-OH	0.7501774021372948
A0A0G2JDY1	187	Y	Tyr-OH	0.5708749147112138
A0A0G2JH06	218	Y	Tyr-OH	0.6332524437999658
A0A7P0TAU0	67	Y	Tyr-OH	0.6573909626071373
A0A7P0TAU0	72	Y	Tyr-OH	0.5670421463368439
J3QPU6	65	Y	Tyr-OH	0.8010113028427805
J3QPU6	70	Y	Tyr-OH	0.7793065220338539
A0A8I5QJW6	835	V	Val-OH	0.6016593234248807
H7BXT4	1322	V	Val-OH	0.8715651731687557
H7BZ93	1168	V	Val-OH	0.6048890344208209
H7C3H4	1084	V	Val-OH	0.5390456590776933
H7C3H4	1349	V	Val-OH	0.5117902304336877
E9Q5F9	914	V	Val-OH	0.5228876949249626
E9Q5F9	1356	V	Val-OH	0.5405696007806612
E9Q5F9	1867	V	Val-OH	0.5867936762488266
A0A0G2JDY1	11	V	Val-OH	0.507059218707784
A0A0G2JEW8	26	V	Val-OH	0.6050438240320828
A0A0G2JEW8	147	V	Val-OH	0.5260354989368373
A0A0G2JEZ4	91	V	Val-OH	0.6353303105534119
A0A0G2JH06	631	V	Val-OH	0.5428195519809216
A0A0G2JH06	1073	V	Val-OH	0.6359340944097432
Q8NCW5	51	V	Val-OH	0.9698014745050173
Q8NCW5	56	V	Val-OH	0.6937806446277938
Q8NCW5	225	V	Val-OH	0.8657633372171535
A0A7P0T9Y2	51	V	Val-OH	0.9630470981418459
A0A7P0T9Y2	56	V	Val-OH	0.6949623286995376
A0A7P0TA18	51	V	Val-OH	0.9747540869312428
A0A7P0TA18	56	V	Val-OH	0.786750945678898
A0A7P0TAG8	51	V	Val-OH	0.9697658377023244
A0A7P0TAG8	56	V	Val-OH	0.7452828763701286
A0A7P0Z426	51	V	Val-OH	0.9645443989175256
A0A7P0Z426	56	V	Val-OH	0.7243835000023072
Q5T3I3	51	V	Val-OH	0.8705109887382022
Q5T3I3	56	V	Val-OH	0.5371956182721663
Q5T3I4	51	V	Val-OH	0.9584455002993205
Q5T3I4	56	V	Val-OH	0.684656595802089
Q8K4Z3	278	V	Val-OH	0.5144358465609663
Q8IW45	337	V	Val-OH	0.969569040584444
A0A7P0T9D8	319	V	Val-OH	0.9655294022207813
A0A7P0T9R3	345	V	Val-OH	0.9645531881738151
A0A7P0TAU0	60	V	Val-OH	0.5702590873680592
A0A7P0TAU0	61	V	Val-OH	0.5620838776212254
A0A7P0TAU0	88	V	Val-OH	0.5542719716591052
J3QMM7	197	V	Val-OH	0.7047943554025267
J3QMM7	317	V	Val-OH	0.962882004103047
J3QN06	197	V	Val-OH	0.9324954235413756
J3QPU6	59	V	Val-OH	0.7627534445069494
K3W4M4	235	V	Val-OH	0.7123349884783936
K3W4M4	355	V	Val-OH	0.9568245462514279
